"Symbol","Name","LastSale","MarketCap","IPOyear","Sector","industry","Summary Quote",
"XXII","22nd Century Group, Inc","2.11","$265.15M","n/a","Consumer Non-Durables","Farming/Seeds/Milling","https://www.nasdaq.com/symbol/xxii",
"FAX","Aberdeen Asia-Pacific Income Fund Inc","4.2","$1.04B","1986","n/a","n/a","https://www.nasdaq.com/symbol/fax",
"IAF","Aberdeen Australia Equity Fund Inc","5.28","$120.08M","n/a","n/a","n/a","https://www.nasdaq.com/symbol/iaf",
"AEF","Aberdeen Emerging Markets Equity Income Fund, Inc.","7.1","$360.34M","n/a","n/a","n/a","https://www.nasdaq.com/symbol/aef",
"FCO","Aberdeen Global Income Fund, Inc.","8.15","$71.11M","1992","n/a","n/a","https://www.nasdaq.com/symbol/fco",
"ACU","Acme United Corporation.","20.76","$69.59M","1988","Capital Goods","Industrial Machinery/Components","https://www.nasdaq.com/symbol/acu",
"ATNM","Actinium Pharmaceuticals, Inc.","0.227","$36.87M","n/a","Health Care","Major Pharmaceuticals","https://www.nasdaq.com/symbol/atnm",
"AE","Adams Resources & Energy, Inc.","30.7499","$130.18M","n/a","Energy","Oil Refining/Marketing","https://www.nasdaq.com/symbol/ae",
"ACY","AeroCentury Corp.","6.8179","$10.54M","n/a","Technology","Diversified Commercial Services","https://www.nasdaq.com/symbol/acy",
"UAVS","AgEagle Aerial Systems, Inc.","0.2746","$4.17M","n/a","Capital Goods","Aerospace","https://www.nasdaq.com/symbol/uavs",
"AGE","AgeX Therapeutics, Inc.","2.63","$98.97M","2018","Health Care","Major Pharmaceuticals","https://www.nasdaq.com/symbol/age",
"AIRI","Air Industries Group","1.3303","$38.51M","n/a","Capital Goods","Military/Government/Technical","https://www.nasdaq.com/symbol/airi",
"AXU","Alexco Resource Corp","2.11","$246.86M","n/a","Basic Industries","Precious Metals","https://www.nasdaq.com/symbol/axu",
"ALO","Alio Gold Inc.","0.6573","$55.68M","2011","Basic Industries","Precious Metals","https://www.nasdaq.com/symbol/alo",
"AAU","Almaden Minerals, Ltd.","0.6936","$77.49M","2015","Basic Industries","Precious Metals","https://www.nasdaq.com/symbol/aau",
"APT","Alpha Pro Tech, Ltd.","3.37","$44.21M","n/a","Health Care","Industrial Specialties","https://www.nasdaq.com/symbol/apt",
"AAMC","Altisource Asset Management Corp","9.97","$15.86M","n/a","Finance","Real Estate","https://www.nasdaq.com/symbol/aamc",
"AMBO","Ambow Education Holding Ltd.","2.2791","$49.33M","n/a","Consumer Services","Other Consumer Services","https://www.nasdaq.com/symbol/ambo",
"DIT","AMCON Distributing Company","77","$45.64M","n/a","Consumer Non-Durables","Food Distributors","https://www.nasdaq.com/symbol/dit",
"AMS","American Shared Hospital Services","2.5","$14.54M","n/a","Health Care","Medical Specialities","https://www.nasdaq.com/symbol/ams",
"USAS","Americas Silver Corporation","3.05","$251.59M","2017","Basic Industries","Precious Metals","https://www.nasdaq.com/symbol/usas",
"AMPE","Ampio Pharmaceuticals, Inc.","0.5016","$71.33M","n/a","Health Care","Major Pharmaceuticals","https://www.nasdaq.com/symbol/ampe",
"ARNC^","Arconic Inc.","89.252","n/a","n/a","n/a","n/a","https://www.nasdaq.com/symbol/arnc^",
"ARMP","Armata Pharmaceuticals, Inc.","4.65","$46.31M","n/a","Health Care","Biotechnology: Biological Products (No Diagnostic Substances)","https://www.nasdaq.com/symbol/armp",
"AKG","Asanko Gold Inc.","0.9499","$214.49M","n/a","Basic Industries","Mining & Quarrying of Nonmetallic Minerals (No Fuels)","https://www.nasdaq.com/symbol/akg",
"AINC","Ashford Inc.","25.54","$66.76M","2014","Consumer Services","Professional Services","https://www.nasdaq.com/symbol/ainc",
"AUG","Auryn Resources Inc.","1.24","$118.01M","n/a","Basic Industries","Precious Metals","https://www.nasdaq.com/symbol/aug",
"AWX","Avalon Holdings Corporation","2.28","$8.84M","n/a","Public Utilities","Environmental Services","https://www.nasdaq.com/symbol/awx",
"ASM","Avino Silver","0.599","$45.54M","n/a","Basic Industries","Precious Metals","https://www.nasdaq.com/symbol/asm",
"BTG","B2Gold Corp","3.25","$3.29B","n/a","Basic Industries","Precious Metals","https://www.nasdaq.com/symbol/btg",
"BTN","Ballantyne Strong, Inc","2.99","$43.41M","n/a","Miscellaneous","Industrial Machinery/Components","https://www.nasdaq.com/symbol/btn",
"BKJ","Bancorp of New Jersey, Inc","16.55","$120.71M","n/a","Finance","Major Banks","https://www.nasdaq.com/symbol/bkj",
"BCV","Bancroft Fund Limited","24.25","$127.44M","n/a","n/a","n/a","https://www.nasdaq.com/symbol/bcv",
"BCV^A","Bancroft Fund Limited","26.14","n/a","n/a","n/a","n/a","https://www.nasdaq.com/symbol/bcv^a",
"BHB","Bar Harbor Bankshares, Inc.","22.5","$349.78M","n/a","Finance","Major Banks","https://www.nasdaq.com/symbol/bhb",
"BRN","Barnwell Industries, Inc.","0.7025","$5.81M","n/a","Energy","Oil & Gas Production","https://www.nasdaq.com/symbol/brn",
"BGSF","BG Staffing Inc","18.99","$194.36M","n/a","Technology","Professional Services","https://www.nasdaq.com/symbol/bgsf",
"BIOX","Bioceres Crop Solutions Corp.","6.67","$240.92M","2018","Basic Industries","Agricultural Chemicals","https://www.nasdaq.com/symbol/biox",
"BIOX.WS","Bioceres Crop Solutions Corp.","n/a","n/a","n/a","n/a","n/a","https://www.nasdaq.com/symbol/biox.ws",
"BPMX","BioPharmX Corporation","0.3788","$4.05M","2015","Health Care","Major Pharmaceuticals","https://www.nasdaq.com/symbol/bpmx",
"BGI","Birks Group Inc.","0.9603","$17.25M","n/a","Consumer Services","Consumer Specialties","https://www.nasdaq.com/symbol/bgi",
"BKTI","BK Technologies Corporation","3.91","$49.7M","n/a","Technology","Radio And Television Broadcasting And Communications Equipment","https://www.nasdaq.com/symbol/bkti",
"BDR","Blonder Tongue Laboratories, Inc.","0.6251","$6.01M","n/a","Technology","Radio And Television Broadcasting And Communications Equipment","https://www.nasdaq.com/symbol/bdr",
"BRG","Bluerock Residential Growth REIT, Inc.","11.99","$268.5M","2014","Consumer Services","Real Estate Investment Trusts","https://www.nasdaq.com/symbol/brg",
"BRG^A","Bluerock Residential Growth REIT, Inc.","26.5827","n/a","n/a","n/a","n/a","https://www.nasdaq.com/symbol/brg^a",
"BRG^C","Bluerock Residential Growth REIT, Inc.","26.37","n/a","n/a","n/a","n/a","https://www.nasdaq.com/symbol/brg^c",
"BRG^D","Bluerock Residential Growth REIT, Inc.","25.92","n/a","n/a","n/a","n/a","https://www.nasdaq.com/symbol/brg^d",
"DMF","BNY Mellon Municipal Income Inc.","9.12","$189.21M","1988","n/a","n/a","https://www.nasdaq.com/symbol/dmf",
"BWL.A","Bowl America, Inc.","n/a","n/a","n/a","n/a","n/a","https://www.nasdaq.com/symbol/bwl.a",
"CMCL","Caledonia Mining Corporation Plc","7.39","$79.44M","n/a","Basic Industries","Precious Metals","https://www.nasdaq.com/symbol/cmcl",
"CEI","Camber Energy, Inc.","0.2109","$7.78M","n/a","Energy","Oil & Gas Production","https://www.nasdaq.com/symbol/cei",
"CANF","Can-Fite Biopharma Ltd","2.9443","$9.79M","n/a","Health Care","Major Pharmaceuticals","https://www.nasdaq.com/symbol/canf",
"ROX","Castle Brands, Inc.","1.26","$214.56M","2006","Consumer Non-Durables","Beverages (Production/Distribution)","https://www.nasdaq.com/symbol/rox",
"YCBD","cbdMD, Inc.","4.1","$113.65M","2017","Consumer Non-Durables","Package Goods/Cosmetics","https://www.nasdaq.com/symbol/ycbd",
"CVM","Cel-Sci Corporation","7.5","$261.04M","n/a","Health Care","Biotechnology: Biological Products (No Diagnostic Substances)","https://www.nasdaq.com/symbol/cvm",
"CET","Central Securities Corporation","31.29","$797.35M","n/a","n/a","n/a","https://www.nasdaq.com/symbol/cet",
"LEU","Centrus Energy Corp.","3.35","$31.68M","2014","Basic Industries","Mining & Quarrying of Nonmetallic Minerals (No Fuels)","https://www.nasdaq.com/symbol/leu",
"CHAC","Chardan Healthcare Acquisition Corp.","10.1","$88.38M","2019","Finance","Business Services","https://www.nasdaq.com/symbol/chac",
"CHAC.U","Chardan Healthcare Acquisition Corp.","n/a","n/a","2018","n/a","n/a","https://www.nasdaq.com/symbol/chac.u",
"CHAC.WS","Chardan Healthcare Acquisition Corp.","n/a","n/a","n/a","n/a","n/a","https://www.nasdaq.com/symbol/chac.ws",
"CCF","Chase Corporation","100.81","$948.86M","n/a","Consumer Durables","Building Products","https://www.nasdaq.com/symbol/ccf",
"CQP","Cheniere Energy Partners, LP","44.49","$21.53B","2007","Public Utilities","Oil/Gas Transmission","https://www.nasdaq.com/symbol/cqp",
"LNG","Cheniere Energy, Inc.","63.92","$16.41B","n/a","Public Utilities","Oil/Gas Transmission","https://www.nasdaq.com/symbol/lng",
"CVR","Chicago Rivet & Machine Co.","26.81","$25.9M","n/a","Technology","Industrial Machinery/Components","https://www.nasdaq.com/symbol/cvr",
"CPHI","China Pharma Holdings, Inc.","0.2581","$11.25M","n/a","Health Care","Major Pharmaceuticals","https://www.nasdaq.com/symbol/cphi",
"CKX","CKX Lands, Inc.","9.9525","$19.33M","n/a","Energy","Oil & Gas Production","https://www.nasdaq.com/symbol/ckx",
"CCC.WS","Clarivate Analytics Plc","n/a","n/a","n/a","n/a","n/a","https://www.nasdaq.com/symbol/ccc.ws",
"GLV","Clough Global Dividend and Income Fund","10.72","$90.13M","2004","n/a","n/a","https://www.nasdaq.com/symbol/glv",
"GLQ","Clough Global Equity Fund","11.84","$130.54M","2005","n/a","n/a","https://www.nasdaq.com/symbol/glq",
"GLO","Clough Global Opportunities Fund","9.34","$300.98M","2006","n/a","n/a","https://www.nasdaq.com/symbol/glo",
"COHN","Cohen & Company Inc.","3.26","$3.97M","n/a","Finance","Investment Bankers/Brokers/Service","https://www.nasdaq.com/symbol/cohn",
"CIX","CompX International Inc.","14.74","$183.41M","1998","Capital Goods","Industrial Machinery/Components","https://www.nasdaq.com/symbol/cix",
"LODE","Comstock Mining, Inc.","0.094","$8.93M","n/a","Basic Industries","Precious Metals","https://www.nasdaq.com/symbol/lode",
"CDOR","Condor Hospitality Trust, Inc.","11.055","$131.73M","n/a","Consumer Services","Real Estate Investment Trusts","https://www.nasdaq.com/symbol/cdor",
"CTO","Consolidated-Tomoka Land Co.","65.7","$323.75M","n/a","Finance","Real Estate","https://www.nasdaq.com/symbol/cto",
"MCF","Contango Oil & Gas Company","1.08","$37.19M","n/a","Energy","Oil & Gas Production","https://www.nasdaq.com/symbol/mcf",
"CUO","Continental Materials Corporation","14.6","$25M","n/a","Capital Goods","Building Materials","https://www.nasdaq.com/symbol/cuo",
"CMT","Core Molding Technologies Inc","6.28","$51.93M","n/a","Consumer Non-Durables","Plastic Products","https://www.nasdaq.com/symbol/cmt",
"CVRS","Corindus Vascular Robotics, Inc.","4.26","$888.35M","2015","Health Care","Medical/Dental Instruments","https://www.nasdaq.com/symbol/cvrs",
"CRMD","CorMedix Inc.","8.02","$191.07M","n/a","Health Care","Major Pharmaceuticals","https://www.nasdaq.com/symbol/crmd",
"CRF","Cornerstone Strategic Return Fund, Inc. (The)","11.4","$437.35M","n/a","n/a","n/a","https://www.nasdaq.com/symbol/crf",
"CLM","Cornerstone Strategic Value Fund, Inc.","11.72","$850.68M","1987","n/a","n/a","https://www.nasdaq.com/symbol/clm",
"CVU","CPI Aerostructures, Inc.","7.83","$92.7M","n/a","Capital Goods","Military/Government/Technical","https://www.nasdaq.com/symbol/cvu",
"CIK","Credit Suisse Asset Management Income Fund, Inc.","3.17","$165.81M","n/a","n/a","n/a","https://www.nasdaq.com/symbol/cik",
"DHY","Credit Suisse High Yield Bond Fund","2.55","$263.87M","1998","n/a","n/a","https://www.nasdaq.com/symbol/dhy",
"CRHM","CRH Medical Corporation","2.97","$213.94M","2015","Health Care","Medical/Nursing Services","https://www.nasdaq.com/symbol/crhm",
"CTEK","CynergisTek, Inc.","2.85","$27.92M","2017","Miscellaneous","Business Services","https://www.nasdaq.com/symbol/ctek",
"DXR","Daxor Corporation","9.4","$35.22M","n/a","Health Care","Medical/Dental Instruments","https://www.nasdaq.com/symbol/dxr",
"VCF","Delaware Investments Colorado Municipal Income Fund, Inc","14.8","$71.59M","1993","n/a","n/a","https://www.nasdaq.com/symbol/vcf",
"VFL","Delaware Investments Florida Insured Municipal Income Fund","13.6","$61.59M","1993","n/a","n/a","https://www.nasdaq.com/symbol/vfl",
"VMM","Delaware Investments Minnesota Municipal Income Fund II, Inc.","12.9801","$149.34M","1993","n/a","n/a","https://www.nasdaq.com/symbol/vmm",
"DLA","Delta Apparel, Inc.","23.01","$159.26M","n/a","Consumer Non-Durables","Apparel","https://www.nasdaq.com/symbol/dla",
"DNN","Denison Mine Corp","0.4844","$285.9M","n/a","Basic Industries","Precious Metals","https://www.nasdaq.com/symbol/dnn",
"DGSE","DGSE Companies, Inc.","1.13","$30.42M","n/a","Consumer Services","Consumer Specialties","https://www.nasdaq.com/symbol/dgse",
"DSS","Document Security Systems, Inc.","0.4141","$12.31M","n/a","Consumer Durables","Containers/Packaging","https://www.nasdaq.com/symbol/dss",
"DPW","DPW Holdings, Inc.","2.99","$3.51M","n/a","Capital Goods","Industrial Machinery/Components","https://www.nasdaq.com/symbol/dpw",
"DXF","Dunxin Financial Holdings Limited","1.6527","$34.46M","n/a","Finance","Finance: Consumer Services","https://www.nasdaq.com/symbol/dxf",
"GRF","Eagle Capital Growth Fund, Inc.","7.9529","$30.96M","n/a","n/a","n/a","https://www.nasdaq.com/symbol/grf",
"EVM","Eaton Vance California Municipal Bond Fund","11.5","$246.04M","2002","n/a","n/a","https://www.nasdaq.com/symbol/evm",
"CEV","Eaton Vance California Municipal Income Trust","13.43","$95.8M","1999","n/a","n/a","https://www.nasdaq.com/symbol/cev",
"EVV","Eaton Vance Limited Duration Income Fund","12.575","$1.46B","2003","n/a","n/a","https://www.nasdaq.com/symbol/evv",
"EIM","Eaton Vance Municipal Bond Fund","12.92","$1.04B","2002","n/a","n/a","https://www.nasdaq.com/symbol/eim",
"ENX","Eaton Vance New York Municipal Bond Fund","12.19","$220.86M","2002","n/a","n/a","https://www.nasdaq.com/symbol/enx",
"EVY","Eaton Vance New York Municipal Income Trust","13.26","$72.17M","1999","n/a","n/a","https://www.nasdaq.com/symbol/evy",
"ELMD","Electromed, Inc.","6.19","$52.25M","2011","Health Care","Biotechnology: Electromedical & Electrotherapeutic Apparatus","https://www.nasdaq.com/symbol/elmd",
"ELLO","Ellomay Capital Ltd.","13","$138.83M","n/a","Public Utilities","Electric Utilities: Central","https://www.nasdaq.com/symbol/ello",
"ECF","Ellsworth Growth and Income Fund Ltd.","10.75","$140M","1986","n/a","n/a","https://www.nasdaq.com/symbol/ecf",
"ECF^A","Ellsworth Growth and Income Fund Ltd.","25.85","n/a","n/a","n/a","n/a","https://www.nasdaq.com/symbol/ecf^a",
"EMAN","eMagin Corporation","0.4305","$21.17M","n/a","Technology","Semiconductors","https://www.nasdaq.com/symbol/eman",
"MSN","Emerson Radio Corporation","1.05","$22.09M","n/a","Consumer Non-Durables","Consumer Electronics/Appliances","https://www.nasdaq.com/symbol/msn",
"EMX","EMX Royalty Corporation","1.37","$112.72M","n/a","Basic Industries","Precious Metals","https://www.nasdaq.com/symbol/emx",
"UUUU","Energy Fuels Inc","2.01","$194.41M","n/a","Basic Industries","Mining & Quarrying of Nonmetallic Minerals (No Fuels)","https://www.nasdaq.com/symbol/uuuu",
"UUUU.WS","Energy Fuels Inc","n/a","n/a","n/a","n/a","n/a","https://www.nasdaq.com/symbol/uuuu.ws",
"ENSV","ENSERVCO Corporation","0.2264","$12.62M","n/a","Energy","Oilfield Services/Equipment","https://www.nasdaq.com/symbol/ensv",
"EGI","Entree Resources Ltd.","0.2354","$41.16M","2017","Basic Industries","Precious Metals","https://www.nasdaq.com/symbol/egi",
"ESP","Espey Mfg. & Electronics Corp.","24.851","$59.66M","n/a","Capital Goods","Industrial Machinery/Components","https://www.nasdaq.com/symbol/esp",
"EVBN","Evans Bancorp, Inc.","35.51","$174.7M","n/a","Finance","Major Banks","https://www.nasdaq.com/symbol/evbn",
"EVI","EVI Industries, Inc.","32.2","$377.91M","n/a","Consumer Services","Other Consumer Services","https://www.nasdaq.com/symbol/evi",
"EPM","Evolution Petroleum Corporation, Inc.","6.14","$203.77M","n/a","Energy","Oil & Gas Production","https://www.nasdaq.com/symbol/epm",
"FEN","First Trust Energy Income and Growth Fund","21.27","$425.3M","2004","n/a","n/a","https://www.nasdaq.com/symbol/fen",
"BDL","Flanigan&#39;s Enterprises, Inc.","22","$40.89M","n/a","Consumer Services","Restaurants","https://www.nasdaq.com/symbol/bdl",
"FSI","Flexible Solutions International Inc.","2.4","$29.07M","n/a","Basic Industries","Major Chemicals","https://www.nasdaq.com/symbol/fsi",
"FTF","Franklin Limited Duration Income Trust","9.45","$284.81M","2003","n/a","n/a","https://www.nasdaq.com/symbol/ftf",
"FSP","Franklin Street Properties Corp.","8.19","$878.22M","n/a","Consumer Services","Real Estate Investment Trusts","https://www.nasdaq.com/symbol/fsp",
"FRD","Friedman Industries Inc.","6.3","$44.1M","n/a","Capital Goods","Steel/Iron Ore","https://www.nasdaq.com/symbol/frd",
"FTNW","FTE Networks, Inc.","0.589","$15.36M","n/a","Public Utilities","Telecommunications Equipment","https://www.nasdaq.com/symbol/ftnw",
"GGN","GAMCO Global Gold, Natural Reources & Income Trust ","4.44","$605.29M","2005","n/a","n/a","https://www.nasdaq.com/symbol/ggn",
"GGN^B","GAMCO Global Gold, Natural Reources & Income Trust ","24.96","n/a","n/a","n/a","n/a","https://www.nasdaq.com/symbol/ggn^b",
"JOB","GEE Group Inc.","0.5977","$7.49M","n/a","Technology","Diversified Commercial Services","https://www.nasdaq.com/symbol/job",
"GMO","General Moly, Inc","0.1852","$22.28M","n/a","Basic Industries","Precious Metals","https://www.nasdaq.com/symbol/gmo",
"GSB","GlobalSCAPE, Inc.","11.47","$198.72M","n/a","Technology","Computer Software: Prepackaged Software","https://www.nasdaq.com/symbol/gsb",
"GSAT","Globalstar, Inc.","0.3765","$546.61M","2006","Consumer Services","Telecommunications Equipment","https://www.nasdaq.com/symbol/gsat",
"GLOW","Glowpoint, Inc.","0.8625","$4.39M","n/a","Public Utilities","Telecommunications Equipment","https://www.nasdaq.com/symbol/glow",
"GORO","Gold Resource Corporation","3.65","$239.39M","n/a","Basic Industries","Precious Metals","https://www.nasdaq.com/symbol/goro",
"GSV","Gold Standard Ventures Corporation","0.9257","$256.69M","n/a","Basic Industries","Mining & Quarrying of Nonmetallic Minerals (No Fuels)","https://www.nasdaq.com/symbol/gsv",
"AUMN","Golden Minerals Company","0.27","$28.59M","n/a","Basic Industries","Precious Metals","https://www.nasdaq.com/symbol/aumn",
"GSS","Golden Star Resources, Ltd","2.93","$318.98M","n/a","Basic Industries","Precious Metals","https://www.nasdaq.com/symbol/gss",
"GV","Goldfield Corporation (The)","2.19","$53.7M","n/a","Basic Industries","Water Supply","https://www.nasdaq.com/symbol/gv",
"GDP","Goodrich Petroleum Corporation","11.05","$135.96M","2017","Energy","Oil & Gas Production","https://www.nasdaq.com/symbol/gdp",
"GTE","Gran Tierra Energy Inc.","1.54","$586.7M","n/a","Energy","Oil & Gas Production","https://www.nasdaq.com/symbol/gte",
"GPL","Great Panther Mining Limited","0.78","$235.25M","n/a","Basic Industries","Precious Metals","https://www.nasdaq.com/symbol/gpl",
"SIM","Grupo Simec, S.A. de C.V.","9.34","$1.54B","1993","Basic Industries","Steel/Iron Ore","https://www.nasdaq.com/symbol/sim",
"AIM","Hemispherx BioPharma, Inc.","1.975","$4.82M","n/a","n/a","n/a","https://www.nasdaq.com/symbol/aim",
"HLM^","Hillman Group Capital Trust","35.57","n/a","n/a","n/a","n/a","https://www.nasdaq.com/symbol/hlm^",
"HMG","HMG/Courtland Properties, Inc.","13.98","$14.17M","n/a","Consumer Services","Real Estate Investment Trusts","https://www.nasdaq.com/symbol/hmg",
"HUSA","Houston American Energy Corporation","0.202","$12.71M","n/a","Energy","Oil & Gas Production","https://www.nasdaq.com/symbol/husa",
"IBIO","iBio, Inc.","0.6326","$15.28M","n/a","Health Care","Major Pharmaceuticals","https://www.nasdaq.com/symbol/ibio",
"IBO","IBO (Listing Market - NYSE Amex Network B F)","24.84","n/a","n/a","n/a","n/a","https://www.nasdaq.com/symbol/ibo",
"IEC","IEC Electronics Corp.","6.75","$69.76M","n/a","Technology","Electrical Products","https://www.nasdaq.com/symbol/iec",
"IMH","Impac Mortgage Holdings, Inc.","7.18","$152.08M","1997","Consumer Services","Real Estate Investment Trusts","https://www.nasdaq.com/symbol/imh",
"IMO","Imperial Oil Limited","26.63","$20.22B","n/a","Energy","Integrated oil Companies","https://www.nasdaq.com/symbol/imo",
"IOR","Income Opportunity Realty Investors, Inc.","14.7473","$61.47M","n/a","Consumer Services","Real Estate Investment Trusts","https://www.nasdaq.com/symbol/ior",
"IGC","India Globalization Capital Inc.","1.1101","$43.86M","n/a","Technology","Electronic Components","https://www.nasdaq.com/symbol/igc",
"INFU","InfuSystems Holdings, Inc.","5.35","$105.84M","n/a","Health Care","Medical/Dental Instruments","https://www.nasdaq.com/symbol/infu",
"IHT","InnSuites Hospitality Trust","1.61","$15.02M","n/a","Consumer Services","Real Estate Investment Trusts","https://www.nasdaq.com/symbol/iht",
"NSPR","InspireMD Inc.","3.1263","$4.37M","n/a","Health Care","Medical/Dental Instruments","https://www.nasdaq.com/symbol/nspr",
"NSPR.WS","InspireMD Inc.","n/a","n/a","n/a","n/a","n/a","https://www.nasdaq.com/symbol/nspr.ws",
"NSPR.WS.B","InspireMD Inc.","n/a","n/a","n/a","n/a","n/a","https://www.nasdaq.com/symbol/nspr.ws.b",
"IDN","Intellicheck, Inc.","4.94","$78.45M","1999","Technology","Computer Software: Prepackaged Software","https://www.nasdaq.com/symbol/idn",
"INS","Intelligent Systems Corporation","42.66","$377.58M","1992","Technology","Computer Software: Prepackaged Software","https://www.nasdaq.com/symbol/ins",
"THM","International Tower Hill Mines Ltd","0.55","$103.17M","n/a","Basic Industries","Precious Metals","https://www.nasdaq.com/symbol/thm",
"INTT","inTest Corporation","4.62","$49.02M","1997","Capital Goods","Electrical Products","https://www.nasdaq.com/symbol/intt",
"INUV","Inuvo, Inc","0.2702","$13.1M","n/a","Consumer Services","Advertising","https://www.nasdaq.com/symbol/inuv",
"VKI","Invesco Advantage Municipal Income Trust II","11.34","$503.4M","n/a","n/a","n/a","https://www.nasdaq.com/symbol/vki",
"ISR","IsoRay, Inc.","0.3151","$21.22M","n/a","Health Care","Medical/Dental Instruments","https://www.nasdaq.com/symbol/isr",
"ISDR","Issuer Direct Corporation","10.8611","$41.95M","n/a","Miscellaneous","Publishing","https://www.nasdaq.com/symbol/isdr",
"ITP","IT Tech Packaging, Inc.","0.5319","$11.71M","n/a","Consumer Durables","Containers/Packaging","https://www.nasdaq.com/symbol/itp",
"KIQ","Kelso Technologies Inc","0.7499","$35.37M","n/a","Capital Goods","Railroads","https://www.nasdaq.com/symbol/kiq",
"LTS","Ladenburg Thalmann Financial Services Inc","2.27","$337.21M","n/a","Finance","Investment Bankers/Brokers/Service","https://www.nasdaq.com/symbol/lts",
"LTS^A","Ladenburg Thalmann Financial Services Inc","25","n/a","n/a","n/a","n/a","https://www.nasdaq.com/symbol/lts^a",
"LTSH","Ladenburg Thalmann Financial Services Inc","26.45","n/a","2019","n/a","n/a","https://www.nasdaq.com/symbol/ltsh",
"LTSK","Ladenburg Thalmann Financial Services Inc","25.6644","n/a","2018","Finance","Investment Bankers/Brokers/Service","https://www.nasdaq.com/symbol/ltsk",
"LTSL","Ladenburg Thalmann Financial Services Inc","24.95","n/a","2017","Finance","Investment Bankers/Brokers/Service","https://www.nasdaq.com/symbol/ltsl",
"LTSF","Ladenburg Thalmann Financial Services Inc.","25.09","n/a","2018","Finance","Investment Bankers/Brokers/Service","https://www.nasdaq.com/symbol/ltsf",
"LGL","LGL Group, Inc. (The)","9.6168","$47.06M","n/a","Capital Goods","Industrial Machinery/Components","https://www.nasdaq.com/symbol/lgl",
"LBY","Libbey, Inc.","2.1","$46.93M","1993","Capital Goods","Industrial Machinery/Components","https://www.nasdaq.com/symbol/lby",
"LLEX","Lilis Energy, Inc.","0.3376","$31.02M","n/a","Energy","Oil & Gas Production","https://www.nasdaq.com/symbol/llex",
"LCTX","Lineage Cell Therapeutics, Inc.","1.04","$155.63M","n/a","Health Care","Biotechnology: Biological Products (No Diagnostic Substances)","https://www.nasdaq.com/symbol/lctx",
"MAG","MAG Silver Corporation","11.37","$982.19M","n/a","Basic Industries","Precious Metals","https://www.nasdaq.com/symbol/mag",
"MHH","Mastech Digital, Inc","5.9","$65.1M","n/a","Consumer Services","Professional Services","https://www.nasdaq.com/symbol/mhh",
"MTNB","Matinas Biopharma Holdings, Inc.","0.6916","$112.32M","2017","Health Care","Major Pharmaceuticals","https://www.nasdaq.com/symbol/mtnb",
"MMX","Maverix Metals Inc.","4.8605","$524.68M","n/a","Basic Industries","Precious Metals","https://www.nasdaq.com/symbol/mmx",
"MNI","McClatchy Company (The)","2.7","$21.4M","1988","Consumer Services","Newspapers/Magazines","https://www.nasdaq.com/symbol/mni",
"IPB","Merrill Lynch & Co., Inc. 6.0518% Index Plus Trust Certificate","27.75","n/a","n/a","Finance","Finance: Consumer Services","https://www.nasdaq.com/symbol/ipb",
"MXC","Mexco Energy Corporation","4.5","$9.18M","n/a","Energy","Oil & Gas Production","https://www.nasdaq.com/symbol/mxc",
"CCA","MFS California Insured Municipal Trust","12.85","$35.8M","1999","n/a","n/a","https://www.nasdaq.com/symbol/cca",
"MICR","Micron Solutions, Inc.","2.25","$6.49M","n/a","Health Care","Biotechnology: Electromedical & Electrotherapeutic Apparatus","https://www.nasdaq.com/symbol/micr",
"MLSS","Milestone Scientific, Inc.","0.7494","$35.59M","2015","Health Care","Industrial Specialties","https://www.nasdaq.com/symbol/mlss",
"MRIC","MRI Interventions, Inc.","4.395","$61.52M","n/a","Health Care","Medical/Dental Instruments","https://www.nasdaq.com/symbol/mric",
"MYO","Myomo Inc.","0.75","$12.85M","2017","Health Care","Industrial Specialties","https://www.nasdaq.com/symbol/myo",
"NNVC","NanoViricides, Inc.","0.228","$17.53M","n/a","Health Care","Biotechnology: Commercial Physical & Biological Resarch","https://www.nasdaq.com/symbol/nnvc",
"ATEST","NASDAQ TEST STOCK","25","n/a","n/a","n/a","n/a","https://www.nasdaq.com/symbol/atest",
"ATEST.A","NASDAQ TEST STOCK","n/a","n/a","n/a","n/a","n/a","https://www.nasdaq.com/symbol/atest.a",
"ATEST.B","NASDAQ TEST STOCK","n/a","n/a","n/a","n/a","n/a","https://www.nasdaq.com/symbol/atest.b",
"ATEST.C","NASDAQ TEST STOCK","n/a","n/a","n/a","n/a","n/a","https://www.nasdaq.com/symbol/atest.c",
"NHC","National HealthCare Corporation","81.93","$1.26B","n/a","Health Care","Hospital/Nursing Management","https://www.nasdaq.com/symbol/nhc",
"NAVB","Navidea Biopharmaceuticals, Inc.","0.6651","$12.01M","n/a","Health Care","Biotechnology: In Vitro & In Vivo Diagnostic Substances","https://www.nasdaq.com/symbol/navb",
"NTIP","Network-1 Technologies, Inc.","2.34","$56.53M","n/a","Miscellaneous","Multi-Sector Companies","https://www.nasdaq.com/symbol/ntip",
"NBW","Neuberger Berman California Municipal Fund Inc","14.17","$78.66M","2002","n/a","n/a","https://www.nasdaq.com/symbol/nbw",
"NHS","Neuberger Berman High Yield Strategies Fund","11.92","$232.92M","n/a","n/a","n/a","https://www.nasdaq.com/symbol/nhs",
"NML","Neuberger Berman MLP and Energy Income Fund Inc.","7.19","$407.38M","2013","n/a","n/a","https://www.nasdaq.com/symbol/nml",
"NBH","Neuberger Berman Municipal Fund Inc.","15.15","$284.88M","2002","n/a","n/a","https://www.nasdaq.com/symbol/nbh",
"NBO","Neuberger Berman New York Municipal Fund Inc.","12.3","$62.45M","2002","n/a","n/a","https://www.nasdaq.com/symbol/nbo",
"NRO","Neuberger Berman Real Estate Securities Income Fund, Inc.","5.54","$262.7M","2003","n/a","n/a","https://www.nasdaq.com/symbol/nro",
"GBR","New Concept Energy, Inc","1.57","$8.06M","n/a","Energy","Oil & Gas Production","https://www.nasdaq.com/symbol/gbr",
"NEN","New England Realty Associates Limited Partnership","59.64","$218.86M","n/a","Consumer Services","Building operators","https://www.nasdaq.com/symbol/nen",
"NGD","New Gold Inc.","1.18","$793.98M","n/a","Basic Industries","Precious Metals","https://www.nasdaq.com/symbol/ngd",
"NXE","Nexgen Energy Ltd.","1.3616","$484.41M","n/a","Basic Industries","Precious Metals","https://www.nasdaq.com/symbol/nxe",
"NAK","Northern Dynasty Minerals, Ltd.","0.63","$239.27M","n/a","Basic Industries","Precious Metals","https://www.nasdaq.com/symbol/nak",
"NOG","Northern Oil and Gas, Inc.","2.18","$868.85M","n/a","Energy","Oil & Gas Production","https://www.nasdaq.com/symbol/nog",
"NBY","NovaBay Pharmaceuticals, Inc.","0.46","$9.66M","2007","Health Care","Major Pharmaceuticals","https://www.nasdaq.com/symbol/nby",
"NG","Novagold Resources Inc.","6.48","$2.11B","n/a","Basic Industries","Precious Metals","https://www.nasdaq.com/symbol/ng",
"NRCG","NRC Group Holdings Corp.","12.35","$469.92M","2017","Basic Industries","Environmental Services","https://www.nasdaq.com/symbol/nrcg",
"NRCG.WS","NRC Group Holdings Corp.","n/a","n/a","n/a","n/a","n/a","https://www.nasdaq.com/symbol/nrcg.ws",
"NTN","NTN Buzztime, Inc.","2.23","$6.43M","n/a","Consumer Services","Broadcasting","https://www.nasdaq.com/symbol/ntn",
"NES","Nuverra Environmental Solutions, Inc.","4","$62.84M","2017","Energy","Oilfield Services/Equipment","https://www.nasdaq.com/symbol/nes",
"OCX","OncoCyte Corporation","1.66","$86.27M","2015","Health Care","Biotechnology: In Vitro & In Vivo Diagnostic Substances","https://www.nasdaq.com/symbol/ocx",
"OGEN","Oragenics Inc.","0.53","$24.45M","n/a","Health Care","Major Pharmaceuticals","https://www.nasdaq.com/symbol/ogen",
"PCG^A","Pacific Gas & Electric Co.","26","n/a","n/a","n/a","n/a","https://www.nasdaq.com/symbol/pcg^a",
"PCG^B","Pacific Gas & Electric Co.","23.8","n/a","n/a","n/a","n/a","https://www.nasdaq.com/symbol/pcg^b",
"PCG^C","Pacific Gas & Electric Co.","22","n/a","n/a","n/a","n/a","https://www.nasdaq.com/symbol/pcg^c",
"PCG^D","Pacific Gas & Electric Co.","22","n/a","n/a","n/a","n/a","https://www.nasdaq.com/symbol/pcg^d",
"PCG^E","Pacific Gas & Electric Co.","22","n/a","n/a","n/a","n/a","https://www.nasdaq.com/symbol/pcg^e",
"PCG^G","Pacific Gas & Electric Co.","20.9044","n/a","n/a","n/a","n/a","https://www.nasdaq.com/symbol/pcg^g",
"PCG^H","Pacific Gas & Electric Co.","19.4","n/a","n/a","n/a","n/a","https://www.nasdaq.com/symbol/pcg^h",
"PCG^I","Pacific Gas & Electric Co.","18.59","n/a","n/a","n/a","n/a","https://www.nasdaq.com/symbol/pcg^i",
"PTN","Palatin Technologies, Inc.","1.01","$217.71M","n/a","Health Care","Major Pharmaceuticals","https://www.nasdaq.com/symbol/ptn",
"PZG","Paramount Gold Nevada Corp.","0.8297","$22M","2015","Basic Industries","Precious Metals","https://www.nasdaq.com/symbol/pzg",
"PRK","Park National Corporation","96.28","$1.58B","n/a","Finance","Major Banks","https://www.nasdaq.com/symbol/prk",
"PED","Pedevco Corp.","1.57","$84.59M","n/a","Energy","Oil & Gas Production","https://www.nasdaq.com/symbol/ped",
"PFNX","Pfenex Inc.","9.01","$284.69M","2014","Health Care","Major Pharmaceuticals","https://www.nasdaq.com/symbol/pfnx",
"HNW","Pioneer Diversified High Income Trust","14.5","$120.83M","2007","n/a","n/a","https://www.nasdaq.com/symbol/hnw",
"PLAG","Planet Green Holdings Corp","3.41","$26.86M","n/a","Consumer Non-Durables","Packaged Foods","https://www.nasdaq.com/symbol/plag",
"PLG","Platinum Group Metals Ltd.","1.7","$99.58M","n/a","Basic Industries","Precious Metals","https://www.nasdaq.com/symbol/plg",
"PLYM","Plymouth Industrial REIT, Inc.","18.59","$162.75M","2017","Consumer Services","Real Estate Investment Trusts","https://www.nasdaq.com/symbol/plym",
"PLYM^A","Plymouth Industrial REIT, Inc.","27","n/a","n/a","n/a","n/a","https://www.nasdaq.com/symbol/plym^a",
"PLM","Polymet Mining Corp.","0.3475","$349.28M","n/a","Basic Industries","Precious Metals","https://www.nasdaq.com/symbol/plm",
"PW","Power REIT","9.4801","$17.76M","n/a","Consumer Services","Real Estate Investment Trusts","https://www.nasdaq.com/symbol/pw",
"PW^A","Power REIT","26.2104","n/a","n/a","n/a","n/a","https://www.nasdaq.com/symbol/pw^a",
"PLX","Protalix BioTherapeutics, Inc.","0.2253","$33.43M","n/a","Health Care","Biotechnology: Biological Products (No Diagnostic Substances)","https://www.nasdaq.com/symbol/plx",
"RLGT","Radiant Logistics, Inc.","5.57","$276.12M","n/a","Transportation","Oil Refining/Marketing","https://www.nasdaq.com/symbol/rlgt",
"RFL","Rafael Holdings, Inc.","19.54","$308.33M","2018","Finance","Real Estate","https://www.nasdaq.com/symbol/rfl",
"UTG","Reaves Utility Income Fund","36.64","$1.78B","2004","n/a","n/a","https://www.nasdaq.com/symbol/utg",
"RHE","Regional Health Properties, Inc.","1.808","$3.05M","2017","Health Care","Hospital/Nursing Management","https://www.nasdaq.com/symbol/rhe",
"RHE^A","Regional Health Properties, Inc.","5.55","n/a","n/a","n/a","n/a","https://www.nasdaq.com/symbol/rhe^a",
"RCG","RENN Fund, Inc.","1.65","$9.82M","n/a","n/a","n/a","https://www.nasdaq.com/symbol/rcg",
"RVP","Retractable Technologies, Inc.","0.87","$28.43M","n/a","Health Care","Medical/Dental Instruments","https://www.nasdaq.com/symbol/rvp",
"REI","Ring Energy, Inc.","1.66","$112.57M","n/a","Energy","Oil & Gas Production","https://www.nasdaq.com/symbol/rei",
"RIF","RMR Real Estate Income Fund","19.57","$199.65M","n/a","n/a","n/a","https://www.nasdaq.com/symbol/rif",
"SACH","Sachem Capital Corp.","4.75","$103.88M","2017","Consumer Services","Real Estate Investment Trusts","https://www.nasdaq.com/symbol/sach",
"SCCB","Sachem Capital Corp.","26.32","n/a","2019","Consumer Services","Real Estate Investment Trusts","https://www.nasdaq.com/symbol/sccb",
"SNMP","Sanchez Midstream Partners LP","0.4114","$8.26M","n/a","Energy","Oil & Gas Production","https://www.nasdaq.com/symbol/snmp",
"SAND          ","Sandstorm Gold Ltd","5.63","$1B","n/a","Basic Industries","Precious Metals","https://www.nasdaq.com/symbol/sand",
"SEB","Seaboard Corporation","4350.06","$5.07B","1996","Finance","Investment Bankers/Brokers/Service","https://www.nasdaq.com/symbol/seb",
"SENS","Senseonics Holdings, Inc.","1.15","$233.64M","n/a","Capital Goods","Industrial Machinery/Components","https://www.nasdaq.com/symbol/sens",
"SVT","Servotronics, Inc.","10.395","$25.88M","n/a","Capital Goods","Industrial Machinery/Components","https://www.nasdaq.com/symbol/svt",
"SMTS","Sierra Metals Inc.","1.27","$206.87M","n/a","Basic Industries","Precious Metals","https://www.nasdaq.com/symbol/smts",
"SIF","SIFCO Industries, Inc.","2.88","$16.51M","n/a","Capital Goods","Aerospace","https://www.nasdaq.com/symbol/sif",
"SVM","Silvercorp Metals Inc.","4.09","$695.35M","n/a","Basic Industries","Precious Metals","https://www.nasdaq.com/symbol/svm",
"SILV","SilverCrest Metals Inc.","5.48","$502.31M","2018","Basic Industries","Precious Metals","https://www.nasdaq.com/symbol/silv",
"XPL","Solitario Zinc Corp.","0.2905","$16.89M","n/a","Basic Industries","Precious Metals","https://www.nasdaq.com/symbol/xpl",
"SCE^B","Southern California Edison Company","21.645","n/a","n/a","n/a","n/a","https://www.nasdaq.com/symbol/sce^b",
"SCE^C","Southern California Edison Company","21.5","n/a","n/a","n/a","n/a","https://www.nasdaq.com/symbol/sce^c",
"SCE^D","Southern California Edison Company","21.399","n/a","n/a","n/a","n/a","https://www.nasdaq.com/symbol/sce^d",
"SCE^E","Southern California Edison Company","24.2695","n/a","n/a","n/a","n/a","https://www.nasdaq.com/symbol/sce^e",
"SGB","Southwest Georgia Financial Corporation","20","$50.92M","n/a","Finance","Major Banks","https://www.nasdaq.com/symbol/sgb",
"LOV","Spark Networks, Inc.","6.84","$88.84M","2017","Consumer Services","Other Consumer Services","https://www.nasdaq.com/symbol/lov",
"SRCI","SRC Energy Inc.","5.09","$1.24B","n/a","Energy","Oil & Gas Production","https://www.nasdaq.com/symbol/srci",
"SDI","Standard Diversified Inc.","12.65","$212.99M","n/a","Consumer Non-Durables","Tobacco","https://www.nasdaq.com/symbol/sdi",
"STXS","Stereotaxis, Inc.","3.48","$206.79M","n/a","n/a","n/a","https://www.nasdaq.com/symbol/stxs",
"SSY","SunLink Health Systems, Inc.","1.38","$9.64M","n/a","Health Care","Hospital/Nursing Management","https://www.nasdaq.com/symbol/ssy",
"SDPI","Superior Drilling Products, Inc.","0.81","$20.33M","2014","Energy","Metal Fabrications","https://www.nasdaq.com/symbol/sdpi",
"SYN","Synthetic Biologics, Inc","0.495","$8.32M","n/a","Health Care","Major Pharmaceuticals","https://www.nasdaq.com/symbol/syn",
"TKAT","Takung Art Co., Ltd.","0.4599","$5.18M","n/a","Consumer Services","Other Specialty Stores","https://www.nasdaq.com/symbol/tkat",
"TALO.WS","Talos Energy, Inc.","n/a","n/a","n/a","n/a","n/a","https://www.nasdaq.com/symbol/talo.ws",
"TRX","Tanzanian Gold Corporation","0.797","$118.58M","n/a","Basic Industries","Precious Metals","https://www.nasdaq.com/symbol/trx",
"TGB","Taseko Mines Limited","0.4171","$102.69M","n/a","Basic Industries","Precious Metals","https://www.nasdaq.com/symbol/tgb",
"TGC","Tengasco, Inc.","0.6922","$7.37M","n/a","Energy","Oil & Gas Production","https://www.nasdaq.com/symbol/tgc",
"GLU","The Gabelli Global Utility and Income Trust","17.99","$96.59M","2004","n/a","n/a","https://www.nasdaq.com/symbol/glu",
"GLU^A","The Gabelli Global Utility and Income Trust","46.5","n/a","n/a","n/a","n/a","https://www.nasdaq.com/symbol/glu^a",
"GLU^B","The Gabelli Global Utility and Income Trust","52.7","n/a","n/a","n/a","n/a","https://www.nasdaq.com/symbol/glu^b",
"GGO","The Gabelli Go Anywhere Trust","14.7","$23.71M","2016","n/a","n/a","https://www.nasdaq.com/symbol/ggo",
"GGO^A","The Gabelli Go Anywhere Trust","42.7227","n/a","n/a","n/a","n/a","https://www.nasdaq.com/symbol/ggo^a",
"TDW.WS","Tidewater Inc.","n/a","n/a","n/a","n/a","n/a","https://www.nasdaq.com/symbol/tdw.ws",
"TMP","Tompkins Financial Corporation","81.01","$1.22B","n/a","Finance","Major Banks","https://www.nasdaq.com/symbol/tmp",
"TAT","Transatlantic Petroleum Ltd","0.67","$36.88M","n/a","Energy","Oil & Gas Production","https://www.nasdaq.com/symbol/tat",
"TRXC","TransEnterix, Inc.","0.6467","$140.81M","n/a","Health Care","Medical/Dental Instruments","https://www.nasdaq.com/symbol/trxc",
"TMQ","Trilogy Metals Inc.","1.63","$226.12M","n/a","Basic Industries","Precious Metals","https://www.nasdaq.com/symbol/tmq",
"TPHS","Trinity Place Holdings Inc.","3.78","$120.6M","n/a","Consumer Services","Building operators","https://www.nasdaq.com/symbol/tphs",
"TRT","Trio-Tech International","3.35","$12.3M","n/a","Technology","Industrial Machinery/Components","https://www.nasdaq.com/symbol/trt",
"UFAB","Unique Fabricating, Inc.","2.66","$26.01M","2015","Capital Goods","Auto Parts:O.E.M.","https://www.nasdaq.com/symbol/ufab",
"UAMY","United States Antimony Corporation","0.6124","$42.11M","n/a","Capital Goods","Metal Fabrications","https://www.nasdaq.com/symbol/uamy",
"UUU","Universal Security Instruments, Inc.","0.97","$2.24M","n/a","Technology","Electronic Components","https://www.nasdaq.com/symbol/uuu",
"URG","Ur Energy Inc","0.6077","$97.2M","n/a","Basic Industries","Precious Metals","https://www.nasdaq.com/symbol/urg",
"UEC","Uranium Energy Corp.","0.9701","$175.28M","n/a","Basic Industries","Precious Metals","https://www.nasdaq.com/symbol/uec",
"VHC","VirnetX Holding Corp","5.72","$394.37M","n/a","Miscellaneous","Multi-Sector Companies","https://www.nasdaq.com/symbol/vhc",
"VGZ","Vista Gold Corporation","0.889","$89.38M","n/a","Basic Industries","Precious Metals","https://www.nasdaq.com/symbol/vgz",
"VNRX","VolitionRX Limited","3.79","$155.73M","2015","Health Care","Biotechnology: In Vitro & In Vivo Diagnostic Substances","https://www.nasdaq.com/symbol/vnrx",
"VOLT","Volt Information Sciences, Inc.","3.06","$64.91M","n/a","n/a","n/a","https://www.nasdaq.com/symbol/volt",
"EAD","Wells Fargo Income Opportunities Fund","8.2","$517.22M","2003","n/a","n/a","https://www.nasdaq.com/symbol/ead",
"ERC","Wells Fargo Multi-Sector Income Fund","12.37","$379.96M","2003","n/a","n/a","https://www.nasdaq.com/symbol/erc",
"ERH","Wells Fargo Utilities and High Income Fund","13.3","$123.12M","2004","n/a","n/a","https://www.nasdaq.com/symbol/erh",
"WRN","Western Copper and Gold Corporation","0.6824","$73.42M","2011","Basic Industries","Precious Metals","https://www.nasdaq.com/symbol/wrn",
"WYY","WidePoint Corporation","0.33","$27.98M","n/a","Technology","EDP Services","https://www.nasdaq.com/symbol/wyy",
"WTT","Wireless Telecom Group,  Inc.","1.4103","$30.04M","n/a","Capital Goods","Electrical Products","https://www.nasdaq.com/symbol/wtt",
"XTNT","Xtant Medical Holdings, Inc.","2.74","$36.06M","n/a","Health Care","Biotechnology: Biological Products (No Diagnostic Substances)","https://www.nasdaq.com/symbol/xtnt",
"YUMA","Yuma Energy, Inc.","1.82","$2.82M","n/a","Energy","Oil & Gas Production","https://www.nasdaq.com/symbol/yuma",
"ZDGE","Zedge, Inc.","1.64","$16.99M","2016","Technology","Computer Software: Prepackaged Software","https://www.nasdaq.com/symbol/zdge",
"ZOM","Zomedica Pharmaceuticals Corp.","0.3793","$40.98M","2017","Health Care","Major Pharmaceuticals","https://www.nasdaq.com/symbol/zom",
